bloco_MB,teste,alloc_ms,write_ms,read_ms,free_ms
100,1,54.739699999970526,182.71060000000716,3.1204999999658867,18.758100000013656
100,2,55.24359999998296,207.01330000002827,2.234299999997802,14.332100000046921
100,3,50.06470000000718,184.33350000003657,2.3562999999739986,15.755699999999706
100,4,42.45819999999867,77.30140000001029,0.9143999999992047,4.398100000003069
100,5,20.364200000017263,71.05589999997619,1.121699999998782,6.743700000015451
100,6,36.93789999999808,212.3002000000156,2.2108000000002903,15.477700000019468
100,7,63.10650000000351,197.94500000000426,2.2953999999799635,15.887000000020635
100,8,49.54490000000078,180.38660000001983,2.305200000023433,15.718900000024405
100,9,48.20069999999532,164.13979999998674,1.921299999992243,15.163700000016433
100,10,64.92059999999356,203.063899999961,2.2602999999890017,16.019299999982195
100,11,63.90079999999898,187.26470000001427,2.3874999999975444,15.80520000004526
100,12,51.85800000003837,194.01320000002897,2.212799999995241,14.322499999991578
100,13,59.58129999999073,133.79520000000866,0.9858999999892148,4.552499999988413
100,14,20.562600000005204,103.51989999998068,1.5167999999903259,9.415799999999308
100,15,44.52639999999519,218.88990000002195,2.388599999960661,16.01680000004535
100,16,56.12359999997807,185.50399999998035,2.3428999999737243,15.678600000001097
100,17,52.1345000000224,216.0782999999924,2.3944000000142296,15.240699999992557
100,18,74.66429999999491,216.32440000001907,2.2749999999973625,15.903100000002723
100,19,62.61290000003328,194.0078000000085,2.5638000000185457,16.380099999992126
100,20,52.929400000039095,200.39149999996653,2.4808999999663683,17.949700000031044
100,21,66.09240000000227,212.95710000003965,2.485399999955007,16.324999999994816
100,22,68.36889999999585,224.6012999999607,2.568900000028407,17.409799999995812
100,23,56.44369999998844,146.90339999998514,1.0548000000198954,5.7840000000055625
100,24,20.544599999993807,166.40809999995554,2.4906000000441963,20.36920000000464
100,25,74.59249999999429,228.35269999995944,2.403800000024603,15.749499999969885
100,26,66.8398000000252,174.91230000001678,1.858200000015131,4.757900000015525
100,27,17.249099999958162,80.20410000000311,2.0232999999620915,15.492399999970985
100,28,62.088299999970786,227.20599999996693,2.377400000000307,15.759600000023966
100,29,65.53070000001071,82.15830000000324,0.9102999999868189,4.6431999999754225
100,30,22.41249999997308,132.82189999995353,1.6660000000001673,10.878199999979188
100,31,45.14650000004394,187.0804999999791,2.426800000023377,18.115899999997964
100,32,57.18030000002727,188.52599999996755,2.45630000000574,16.214999999988322
100,33,44.921199999976125,196.25810000002275,2.3826999999982945,16.190999999992073
100,34,66.48059999997713,213.90769999999293,2.0961000000170316,14.440700000022844
100,35,60.77579999998761,197.11480000000847,2.86230000000387,16.332900000008976
100,36,49.78999999997313,174.46660000001657,2.1472000000244407,14.292099999977381
100,37,61.692699999980505,221.90420000003996,2.5365000000192595,16.974800000014056
100,38,61.233899999990626,202.21920000000182,2.437400000019352,15.314199999977518
100,39,62.73240000001579,181.46100000001297,2.139400000032765,16.91550000003872
100,40,46.998900000005506,179.7895000000267,1.997700000003988,15.848899999980404
100,41,57.22030000003997,196.59180000002152,2.3017000000322696,14.630600000032246
100,42,57.04470000000583,187.9993000000013,1.8433999999842854,13.246299999991606
100,43,50.78660000003765,160.28299999999263,2.3239000000216947,14.869499999974778
100,44,48.9238000000114,200.70700000002262,2.3911000000111926,15.551900000048136
100,45,64.26709999999503,160.39139999998042,0.9603999999967527,4.911099999958424
100,46,20.7489999999666,76.46210000001474,1.326899999980924,8.791800000039984
100,47,54.793599999982234,207.57909999997537,2.468399999997928,16.239299999995183
100,48,34.14060000000063,64.75160000002234,0.9512999999969907,4.5104000000151245
100,49,19.646099999988564,68.54750000002241,0.9519000000182132,4.48039999997718
100,50,20.32600000001139,67.23340000002054,0.9322999999881176,4.482699999982742
100,51,20.565999999973883,69.08070000002908,0.9325999999987289,4.535299999986364
100,52,20.93280000002551,68.53289999997969,0.945599999965907,4.523399999982303
100,53,22.102399999994304,134.18449999994664,1.7293999999878906,11.432500000012169
100,54,46.63790000000745,217.6467999999545,2.6089000000411033,16.77639999996927
100,55,61.11740000000054,170.44779999997672,2.201500000012402,14.482900000018617
100,56,49.48709999996481,231.65349999999307,2.7145999999902415,17.36620000002631
100,57,52.85299999997051,73.10530000000881,0.93179999998938,4.510500000037609
100,58,20.603600000015376,66.84509999996635,0.9215000000040163,4.522800000017924
100,59,20.539200000030178,75.85499999999001,1.3352000000281805,9.103700000025583
100,60,57.66330000000153,196.36690000004364,2.4606000000062522,16.414099999963128
100,61,51.600199999995766,203.64890000001878,2.3325999999883607,15.923300000054041
100,62,66.02079999998978,184.55379999994648,1.0412999999971362,5.674999999996544
100,63,22.397000000012213,132.87489999999025,1.9730000000208747,12.762400000042362
100,64,63.518399999964004,213.96979999997257,2.488400000004276,16.307700000027125
100,65,54.274899999995796,208.76450000002933,1.78270000003522,11.774800000011965
100,66,68.09760000004417,224.9499000000128,2.458200000035049,16.779299999996056
100,67,69.91610000000037,237.87210000000414,2.330199999960314,16.988599999990583
100,68,70.46350000001667,99.45759999999382,0.9393999999929292,4.49109999999564
100,69,20.250200000020868,66.28180000001294,0.9257000000388871,4.586099999983162
100,70,20.403399999963767,66.16040000000112,0.9517000000300868,4.555399999958354
100,71,20.398999999997613,97.43240000000242,2.143599999953949,14.3846999999937
100,72,59.45350000001781,178.2193000000234,1.9317000000000917,14.018800000030751
100,73,64.31820000000243,176.2693000000013,1.5075000000024374,9.578099999998813
100,74,29.861199999970722,108.77210000001014,1.5220999999883134,8.906000000024505
100,75,35.37330000000338,71.44199999999046,0.9420000000091022,4.5013000000153625
100,76,20.804999999995744,67.49969999998484,0.9254000000282758,4.513799999983803
100,77,20.51699999998391,68.23330000003125,0.9276999999769941,4.560499999968215
100,78,21.17849999996224,85.98960000000488,1.749100000040471,14.256700000032652
100,79,55.58250000001408,185.35450000001674,1.9966999999496693,13.228400000002694
100,80,38.54369999999108,182.83730000001697,2.211299999999028,15.693800000008196
100,81,48.00770000002785,181.98999999998478,2.2979999999961365,15.514199999984157
100,82,65.44199999996181,216.44879999996647,2.2507999999561434,15.652600000009897
100,83,63.46730000001344,141.90600000000586,0.9569999999712309,4.5945999999617015
100,84,20.721000000037293,73.18079999998872,2.279499999986001,5.883900000014819
100,85,17.071700000030887,60.16770000002225,0.9188000000222019,4.513200000019424
100,86,16.564300000027288,69.88890000002357,1.1887000000001535,6.997799999965082
100,87,41.26279999996996,190.27270000003682,1.5478000000257452,9.035600000004251
100,88,30.505100000027596,198.7608000000023,2.1434999999883075,14.518500000008316
100,89,60.16909999999598,201.31759999998167,2.216999999973268,14.337000000011813
100,90,59.98299999998835,203.73630000000276,2.281100000004699,15.219100000024355
100,91,48.367499999983465,198.10840000002372,2.2086000000172135,15.420600000027207
100,92,60.59099999998807,204.4465000000173,2.300500000046668,15.78919999997197
100,93,60.45510000001286,182.1333999999979,2.2803999999609914,14.057000000036624
100,94,42.54279999997834,166.01909999997133,2.265100000045095,14.002199999993081
100,95,46.3636000000065,187.6484000000005,2.0385000000260334,13.784799999996267
100,96,56.52650000001813,196.63620000000037,2.2963999999774387,15.644699999995737
100,97,60.48309999999901,195.77670000001035,2.3590000000126565,14.72030000002178
100,98,47.07650000000285,178.3296000000405,2.1490999999969063,14.417199999968489
100,99,58.34799999996676,192.25209999996196,2.206700000044748,15.075199999955657
100,100,59.781399999963014,149.36189999997396,1.0213000000476313,4.891999999983909
200,1,43.330200000013974,331.1367999999675,5.068400000027395,27.133100000014565
200,2,106.23279999998658,375.32349999997905,2.1811999999954423,11.212999999997919
200,3,44.35649999999214,147.17690000003358,1.880099999993945,8.289800000000014
200,4,41.04610000001685,283.61300000000256,4.658400000039364,25.09539999999788
200,5,111.07529999998178,371.66100000001734,2.206199999989167,10.56439999996428
200,6,41.4967999999476,131.29969999999958,1.863700000001245,8.211699999947086
200,7,40.20700000000943,135.28250000001663,2.4769999999989523,12.94260000003078
200,8,66.68220000000247,200.43640000000096,3.2454999999913525,24.443399999995563
200,9,109.5508999999879,364.69320000003336,2.2385000000326727,10.357600000020284
200,10,41.99760000000197,137.91420000001153,2.4207000000160406,11.649900000008984
200,11,52.81320000000278,162.98829999999498,1.8721999999797845,8.574099999975715
200,12,49.014100000022154,247.01930000003358,3.258500000015374,24.093199999981607
200,13,108.51470000000063,342.00269999996635,4.274300000020048,29.037300000027244
200,14,98.55300000003808,371.901800000046,4.330999999979213,24.68629999998484
200,15,81.82750000003125,334.58269999999857,5.50989999999274,29.574200000013207
200,16,95.73429999994687,294.93270000000393,1.8967000000316148,8.424999999988358
200,17,41.6486999999961,257.37060000000156,2.240099999994527,10.104000000012547
200,18,40.71399999997993,131.85710000004747,1.8635000000131186,8.292700000026798
200,19,47.54719999999679,228.45680000000357,4.12860000000137,23.73389999996789
200,20,103.79829999999401,164.67219999998406,2.5399999999535794,14.720000000011169
200,21,77.61179999999968,322.2256000000243,4.226500000015676,25.147199999992154
200,22,72.29139999998324,128.87940000001663,1.9250999999940177,8.404800000050727
200,23,41.3368000000105,177.4608999999714,3.4409000000437118,20.064200000035726
200,24,88.51260000000138,217.16569999995272,4.1713000000527245,24.88540000001649
200,25,114.14639999998144,281.3458000000537,2.271199999995588,8.288700000036897
200,26,41.60209999997733,138.1990999999516,2.191200000027038,10.092099999951643
200,27,75.64150000001746,367.8676999999766,4.260299999998551,25.011600000027556
200,28,111.25140000001466,279.9693999999704,2.0686999999952604,9.142099999962738
200,29,52.73940000000721,334.50290000001814,3.172000000006392,15.54190000001654
200,30,45.32599999998865,209.35529999997016,2.9556000000070526,17.042000000003554
200,31,99.84950000000481,314.6042000000193,4.104500000039479,24.669900000048983
200,32,105.23399999999583,301.06769999997596,1.9151999999849068,8.238799999958246
200,33,41.281900000001315,279.3509999999628,4.71060000000989,24.82109999999693
200,34,93.35920000000897,188.23620000000574,3.1546000000162167,17.798699999957535
200,35,78.7148000000002,320.6215999999813,2.1324999999592364,10.316499999987627
200,36,41.28930000001674,232.26840000000948,4.7773000000006505,25.5474999999592
200,37,93.54999999999336,270.55719999998473,3.7799000000404703,25.735100000019884
200,38,105.8751000000484,302.70560000002433,3.4363000000325883,25.954300000023522
200,39,99.17440000003808,360.35470000001624,4.900299999974322,27.828400000032616
200,40,117.86749999998847,416.00460000000794,5.689100000040526,31.195500000023912
200,41,99.64650000000574,316.33300000004283,1.9808999999781918,8.904700000016419
200,42,41.49479999995265,255.89420000000018,4.627900000002683,27.111600000012004
200,43,119.46989999995594,187.96259999999165,2.549400000020796,13.45549999996365
200,44,60.253499999987525,355.50619999997934,5.141000000037366,30.21960000000945
200,45,120.89770000000044,321.48169999999254,2.058000000033644,8.424600000012106
200,46,33.16949999998542,233.83250000000544,4.922799999974359,29.727699999966717
200,47,120.74290000003884,208.80190000002585,1.9345999999700325,8.46659999996291
200,48,41.09760000000051,133.96590000002107,1.9560999999725937,9.128099999998085
200,49,60.37259999999378,346.2855999999874,4.87279999998691,29.444699999999102
200,50,85.5404000000135,366.1427000000117,4.917700000021341,29.14880000002995
200,51,127.84809999999425,270.6307999999922,1.8989000000146916,8.917200000041703
200,52,52.56030000003875,205.28680000001032,4.133999999964999,27.008499999965352
200,53,120.67280000002256,247.10849999996753,4.120899999975336,22.818900000004305
200,54,114.28910000000769,235.90520000004744,1.8873000000212414,9.04820000005202
200,55,58.386799999993855,324.6727000000078,4.614500000002408,27.27420000002212
200,56,119.80310000001282,392.8003999999987,3.379800000004707,14.840400000025511
200,57,42.79220000000805,134.48130000000447,2.3363999999901353,8.439599999974234
200,58,43.68249999998852,371.31709999999885,4.81659999996964,28.762899999946967
200,59,102.93459999996912,376.8103000000451,5.167700000015429,28.10460000000603
200,60,120.29229999996005,242.87900000001628,4.540799999972478,27.13789999995697
200,61,119.65639999999667,189.9242000000072,3.2853000000159227,18.23869999998351
200,62,66.58049999998639,280.46909999994796,4.141799999956675,25.19870000003266
200,63,114.10079999996015,387.3265000000288,2.476100000023962,11.284700000032899
200,64,47.613399999988815,158.78060000000005,2.4437000000148146,13.463000000001557
200,65,91.72410000002174,285.684099999969,4.5703000000116845,26.571699999976772
200,66,116.73039999999446,380.6055999999671,3.163900000004105,14.541100000030838
200,67,43.363899999974365,178.87249999995447,4.381900000055339,28.01369999997405
200,68,120.3422000000387,346.9966000000113,4.8996999999531,30.497799999977815
200,69,124.09000000002379,172.55910000000085,2.62639999999692,15.434499999969375
200,70,66.84579999995321,330.6327999999894,2.7306999999723303,14.551900000014939
200,71,50.319999999999254,392.53610000002936,4.790299999967829,29.323299999987285
200,72,93.80370000002358,219.77749999996377,1.8428000000199063,9.151599999995597
200,73,53.872599999976956,184.59339999998292,1.7697000000111984,8.381100000008246
200,74,42.93740000002799,239.894100000015,1.9414000000210763,9.418600000003607
200,75,41.22449999999844,230.3185999999755,4.053399999975227,29.298900000014783
200,76,118.07920000001104,403.56819999999516,2.79560000001311,16.965499999969325
200,77,117.74309999998422,328.85109999995166,2.0086999999762156,9.913899999958176
200,78,41.32899999996198,234.07259999999042,3.2443999999713924,24.166799999989053
200,79,117.46480000005022,347.79320000001235,5.254200000024412,32.37100000001192
200,80,100.96839999999929,386.9693000000325,3.247399999963818,26.703399999973954
200,81,126.17529999999988,251.97599999995646,1.918200000034176,9.628800000029969
200,82,56.10940000002529,319.5485999999619,4.833200000007309,30.25249999996049
200,83,58.820200000013756,424.6588999999972,4.9053999999841835,30.740100000002712
200,84,133.93400000001066,413.7599000000023,4.755499999987478,29.836600000010094
200,85,138.86450000001105,397.0972000000188,2.3372999999651256,9.488000000033026
200,86,44.01580000001104,406.4438999999993,2.230700000040997,10.651499999994485
200,87,41.864200000020446,322.99009999996997,4.987299999982042,32.12100000001783
200,88,111.04539999996632,131.66089999998576,1.8585999999913838,8.393900000044141
200,89,41.42250000001013,147.14870000000246,2.1769000000517735,13.526500000011765
200,90,109.81179999998858,437.8027000000202,4.737099999999828,29.53339999999116
200,91,115.20730000000867,395.6331000000546,4.5887999999649765,29.870000000016717
200,92,133.99190000001227,309.97070000000804,2.041899999994712,10.65249999999196
200,93,82.98619999999346,256.96370000002844,3.6749000000213528,26.707999999985077
200,94,121.11129999999548,422.2774000000413,2.818600000011884,15.108300000008512
200,95,45.54930000000468,283.7204000000497,5.6285999999659,30.2108000000203
200,96,124.98880000003965,265.8359000000132,4.404100000044764,27.853499999991982
200,97,123.91990000003261,398.05630000000747,5.0355000000195105,29.721999999992477
200,98,63.912200000004304,196.19610000000876,2.9183999999986554,17.49259999996866
200,99,119.48680000000422,232.09610000003522,1.9943000000353095,11.564000000021224
200,100,75.14550000001918,336.3788999999997,4.309700000021621,27.079700000001594
300,1,179.4475000000375,352.40780000003724,5.029000000035921,31.77299999998695
300,2,114.83949999995957,206.8993999999975,4.047600000035345,29.644299999972645
300,3,163.52919999997084,480.7227999999668,6.801699999982702,34.41480000003594
300,4,69.9698999999896,229.41510000003973,4.64369999997416,34.963100000027225
300,5,163.87620000000425,517.810499999996,4.023299999971641,17.67449999999826
300,6,66.22850000002245,349.06309999996665,6.756900000027599,39.715800000010404
300,7,122.14929999998958,436.24089999997295,6.745099999989179,41.95559999999432
300,8,71.17529999999306,244.7819999999865,4.076499999996486,28.22720000000345
300,9,170.84360000001197,585.6281000000081,7.675000000006094,30.531400000029407
300,10,149.02810000000954,562.8669999999829,6.775600000025861,44.13119999998116
300,11,163.0779999999845,210.41110000004437,2.811899999983325,12.609499999996387
300,12,92.33090000003585,471.8778999999813,2.893000000028678,12.731599999995069
300,13,69.14790000001858,387.88290000002235,2.984599999990678,12.504299999989144
300,14,65.49689999997099,253.87460000001738,4.14389999997411,15.241500000001906
300,15,81.91859999999451,335.799599999973,7.557700000006662,19.503699999972923
300,16,134.09009999998034,369.849400000021,3.688199999999142,16.353299999991577
300,17,111.58530000000155,491.25019999996766,8.548399999995127,48.01500000002079
300,18,206.75949999997556,238.55109999999513,3.464500000006865,12.980099999992945
300,19,83.08619999996836,577.8286999999978,8.475799999985156,48.356400000045596
300,20,160.3560000000357,257.7177000000006,3.232099999991078,18.368799999961993
300,21,73.37620000004108,210.05359999998063,3.0484000000114975,13.22179999999662
300,22,66.07139999999845,284.28000000002385,4.497400000047946,13.466200000038953
300,23,136.52270000000044,564.1076999999655,7.057000000031621,36.56330000001162
300,24,139.282699999967,289.72620000001825,3.498400000012225,15.366099999994276
300,25,64.53350000003866,231.34399999997868,3.149599999971997,13.295599999992191
300,26,76.5407999999752,219.4756999999754,2.7364999999690554,13.372800000013285
300,27,65.90540000001965,295.8998999999949,6.736799999998766,39.63099999998576
300,28,165.7455000000141,550.1396000000227,6.957999999997355,40.64219999997931
300,29,157.1292000000426,452.5390000000016,3.65110000001323,14.783999999963271
300,30,67.9394000000002,481.9885999999656,6.3865000000191685,26.750299999946492
300,31,138.76010000001315,426.1672999999746,4.176200000017616,22.405099999957656
300,32,103.21680000004108,556.8667000000005,8.723299999985556,46.83430000000044
300,33,169.10440000003746,470.61949999999797,9.622299999989536,46.12350000002152
300,34,218.11440000004723,673.8530000000083,7.235100000002603,45.233600000017304
300,35,210.80969999997023,455.81270000002405,7.250300000009702,31.970399999977417
300,36,69.48399999998855,524.8546999999917,3.6591999999586733,17.65639999996438
300,37,79.19490000000451,415.4359999999997,3.18040000001929,17.254499999978634
300,38,135.81229999999778,566.3794000000166,3.2381999999984146,18.304600000021765
300,39,173.6705999999799,272.24719999998115,2.891200000021854,12.316999999995915
300,40,90.83180000004631,481.4333999999576,2.7375999999890155,12.326200000018162
300,41,64.44310000000542,330.5983999999853,2.766000000008262,12.386499999990974
300,42,61.663000000010015,471.38059999997495,6.8701999999802865,39.98419999999214
300,43,170.71320000002288,535.0791000000186,7.9367999999817584,44.915500000001884
300,44,167.57270000005065,533.9759999999956,3.9136999999982436,24.023600000020906
300,45,166.7342000000076,485.0071999999841,7.455999999990581,38.800400000013724
300,46,178.5294999999678,362.18159999998534,7.800200000019686,41.67839999996659
300,47,177.57080000001224,259.8088999999959,2.841799999998784,13.541599999996379
300,48,123.30019999996011,550.9677000000011,6.410800000026029,36.60280000002558
300,49,106.97699999997212,468.8580999999772,7.936300000039864,46.188599999993585
300,50,149.80229999997619,324.6734999999603,6.767800000034185,39.66409999998177
300,51,176.0621000000242,430.746900000031,3.812799999991512,12.240899999994781
300,52,76.91319999997859,437.97349999999824,2.9066999999827203,12.28919999999789
300,53,61.481099999980415,358.2832999999823,7.38789999996925,24.55770000000257
300,54,61.904299999980594,461.6684999999734,3.639800000030391,15.85669999997208
300,55,61.61409999998568,381.9288000000256,7.996600000012677,39.426800000001094
300,56,160.7030999999779,449.2909999999597,2.761799999973391,12.837999999987915
300,57,118.32179999998971,579.672300000027,7.053400000017973,42.42749999997386
300,58,179.67100000004166,339.5758999999998,6.888300000014169,30.42500000003656
300,59,160.70020000000795,359.02039999996305,7.510200000012901,42.00329999997621
300,60,171.08639999997877,456.9716999999969,5.652100000020255,32.99690000000055
300,61,173.96850000000086,429.8752000000263,2.7367999999796666,12.351099999989401
300,62,62.13780000001634,198.87870000002295,2.869700000019293,12.250699999981407
300,63,61.540999999976975,201.1926999999787,2.8476000000523527,12.484099999994669
300,64,62.54809999995814,227.011100000027,5.195099999980357,29.604699999993045
300,65,133.487099999968,490.76579999996284,3.353100000026643,15.147399999989375
300,66,62.642500000038126,437.19440000000986,6.219899999962308,36.862299999995685
300,67,81.31399999996347,430.84519999996473,2.962700000011864,12.753299999985757
300,68,62.7175000000193,200.34470000001647,3.2702999999969506,15.57380000002695
300,69,131.10399999999345,452.34859999999344,6.371999999998934,39.23909999997477
300,70,146.3851000000318,202.56029999995917,2.6649000000134038,12.663300000042454
300,71,106.18899999997211,386.31939999999076,4.456399999980931,25.80489999996871
300,72,141.86719999997877,374.6049999999741,4.266000000029635,25.966600000003837
300,73,154.05149999998002,590.7764000000384,6.87259999995149,33.674800000028426
300,74,70.02330000000256,200.83369999997558,2.9152000000181033,12.173399999994672
300,75,79.02889999996887,289.3733999999881,3.3670999999912965,21.23149999999896
300,76,114.22240000001693,609.560799999997,7.746099999963008,44.757899999979145
300,77,139.56680000001143,200.21400000001677,2.718399999992016,12.476900000024216
300,78,61.55990000002021,375.09010000002263,3.3553999999753614,22.51560000001973
300,79,161.2307000000328,364.4975999999929,2.6839999999879183,12.65730000000076
300,80,94.29670000002943,443.7255999999934,4.962400000010803,30.956899999978305
300,81,144.87330000002885,303.95010000000866,3.7695000000326218,26.461899999958405
300,82,141.3411999999994,410.0240999999869,5.786900000032347,26.892199999963395
300,83,115.27409999996507,362.7309999999966,3.3419000000094456,21.201700000005985
300,84,141.42549999996845,535.8699000000229,7.391499999982898,40.471099999990656
300,85,179.93559999996478,537.6547999999843,3.9708999999561456,12.231299999996281
300,86,57.67400000001999,211.3085999999953,3.7996000000362073,26.721400000042195
300,87,131.73100000000204,330.23309999998673,6.346099999973376,40.74190000000044
300,88,178.58580000000757,601.2099000000148,6.487999999990279,41.947800000002644
300,89,182.1044999999799,560.6149000000187,6.757400000026337,42.13670000001457
300,90,165.9693999999945,543.8113000000158,5.974499999979344,36.47330000001148
300,91,93.81239999999025,443.08549999999514,3.1825000000367254,14.282000000036987
300,92,62.49409999998079,273.0418999999529,6.883599999980561,38.30729999998539
300,93,141.38059999999086,344.16029999999864,5.809799999951792,37.26199999999835
300,94,155.18919999999525,495.2547999999979,3.687300000024152,16.98429999999007
300,95,62.4819999999886,449.84230000000025,5.602300000020932,34.76630000000114
300,96,155.55459999995946,538.5054999999852,6.822699999986526,41.81030000000874
300,97,160.35420000002887,373.2466999999815,6.105700000034631,37.45889999999008
300,98,155.73399999999538,311.923199999967,6.780399999968267,41.93220000001929
300,99,182.11279999997032,308.5280000000239,5.184100000008129,30.452299999979004
300,100,127.20180000002301,203.12839999996868,2.68039999997427,12.266799999963496
400,1,149.17099999996708,697.4400999999943,8.605400000021746,49.31269999997312
400,2,116.74060000001418,656.3021999999705,8.715300000005755,30.589599999984785
400,3,160.47179999998207,764.9624999999673,9.358799999972689,51.1169000000109
400,4,228.14859999999726,376.5175999999997,3.597700000000259,16.73369999997476
400,5,155.65359999999373,701.2176000000068,3.732299999967381,16.241199999967648
400,6,82.24109999997609,338.28840000001037,5.430600000011054,28.6818000000153
400,7,97.49909999999318,510.79529999998385,3.8687000000550142,16.233999999997195
400,8,82.48240000000351,440.05820000000995,3.761199999985365,16.228099999977985
400,9,82.86720000000969,418.9422000000036,3.7168999999721564,16.230000000007294
400,10,81.24070000002348,436.13189999996393,9.180399999991096,52.170399999965866
400,11,231.37170000001106,726.909599999999,4.991900000050009,32.29270000002771
400,12,220.0027000000091,404.557900000043,6.305199999985689,34.62310000003299
400,13,212.37630000001673,657.254499999965,10.424599999964812,54.07150000002048
400,14,184.6812,481.32780000003095,7.199500000012904,42.55689999996548
400,15,231.1662000000183,605.0875000000246,3.791000000035183,17.89310000003752
400,16,139.25199999999904,541.246000000001,6.163500000013755,42.5087000000417
400,17,214.85680000000684,607.358099999999,4.060600000002523,15.951999999970212
400,18,108.20480000000998,539.7059000000013,6.594099999972514,44.90889999999581
400,19,198.09240000000727,726.1945000000196,9.318199999995613,54.57410000002483
400,20,229.40069999998514,734.6124000000032,3.631700000028104,15.973599999995258
400,21,114.97070000001486,601.287799999966,3.7156999999865548,16.18389999998726
400,22,117.29630000002089,602.6123999999982,12.094400000023597,43.717099999980746
400,23,227.88180000003422,805.0804000000085,11.634000000015021,45.4063999999903
400,24,252.70710000000918,598.3678999999711,10.5202000000304,49.350699999990866
400,25,221.56110000003082,648.9234999999667,11.627999999973326,54.66300000000501
400,26,225.96270000002505,633.3167999999887,4.53090000002021,21.13209999998844
400,27,194.19149999998808,793.4129000000212,4.730400000028112,18.128600000011375
400,28,102.33489999995982,500.7099000000039,6.245499999977255,34.472900000025675
400,29,184.94299999997565,621.4415000000031,8.942900000022291,52.338700000007066
400,30,96.31039999999302,516.3559000000078,5.569399999956204,28.938999999979842
400,31,221.49799999999686,499.86749999999347,10.988300000008167,54.17269999998098
400,32,184.3715999999631,585.5712999999696,5.5257999999867025,16.55369999997447
400,33,111.5912999999864,719.6030999999721,8.046399999955156,47.41740000002892
400,34,193.44180000001643,665.3234999999995,8.606500000041706,51.93760000003067
400,35,202.06090000004906,587.1915999999828,3.6940999999615087,15.809900000022026
400,36,88.84050000000343,668.8596000000189,5.479199999967932,28.267499999969914
400,37,217.3985000000016,749.6664999999894,9.24579999997377,48.94680000001017
400,38,211.31840000003876,664.2516,9.502399999973932,48.03319999996347
400,39,209.8352000000432,466.67929999995295,10.95109999999977,54.63020000001961
400,40,181.43099999997503,517.7744000000075,3.9798999999902662,16.69189999995524
400,41,84.94770000004337,548.1512999999723,6.067000000030021,34.47340000002441
400,42,209.31309999997438,673.3724999999708,5.335900000034144,26.255300000002535
400,43,231.17799999999988,833.1004000000348,5.127600000037091,18.801100000018778
400,44,96.18430000000444,696.5815000000362,5.6690000000116925,30.028800000025058
400,45,131.6674000000262,464.1222000000198,8.967100000006667,58.70149999998375
400,46,203.38629999997693,834.7198000000162,11.317799999972067,53.62729999995963
400,47,219.8163999999565,715.0626000000102,12.49689999997372,56.34789999999157
400,48,243.34590000000844,853.8115000000062,10.144999999965876,35.58420000001661
400,49,253.63399999997682,798.466899999994,4.09100000001672,16.32859999995162
400,50,131.39130000001842,667.5142999999935,6.446100000005117,31.924800000012965
400,51,225.7563999999661,791.236500000025,7.821700000022247,56.672400000024936
400,52,208.28629999999748,572.9016999999885,3.933000000017728,16.43440000003693
400,53,82.62769999998909,270.0619999999958,3.783300000009149,16.184199999997873
400,54,83.49110000000337,543.4001000000421,3.833499999984724,16.874400000006062
400,55,114.89150000005566,732.4120999999764,9.74949999999808,56.84489999998732
400,56,113.27959999999848,275.0541999999996,4.9573000000009415,35.154400000010355
400,57,229.0404000000308,816.9598000000065,9.82099999998809,52.09719999999152
400,58,137.801799999977,610.4290999999762,13.521499999967546,59.52350000001161
400,59,250.65789999996468,524.3616999999858,12.480799999991632,57.6851000000147
400,60,250.73629999997138,783.1377000000543,11.796899999978905,51.412599999991926
400,61,92.52259999999524,384.5233000000121,9.203099999979258,52.24889999999505
400,62,166.39729999997144,520.0186000000144,3.8377999999852364,16.172400000016296
400,63,83.41219999999794,649.958799999979,10.737899999980982,53.838699999971595
400,64,185.5279999999766,588.6317000000076,5.614799999989373,28.337500000020555
400,65,179.63760000003504,492.46180000000095,8.964800000001105,52.48469999997951
400,66,163.60819999999876,596.3680000000409,9.362599999974464,39.565299999992476
400,67,131.8843999999899,753.5988000000202,6.061799999997675,24.82439999999997
400,68,86.4296999999965,741.5553999999815,10.653499999989435,54.309600000010505
400,69,239.77650000000494,842.7297000000067,10.368799999980638,53.67130000001907
400,70,116.70800000001691,559.885099999974,5.329700000004323,33.92020000001139
400,71,166.7410000000018,759.4256999999516,3.8508999999748994,16.03069999998752
400,72,81.2513999999851,527.0800999999778,4.0091000000188615,24.045999999998457
400,73,135.32689999999548,520.3331999999818,8.011100000032911,51.87349999999924
400,74,224.61709999998902,592.546700000014,4.329299999994873,16.09369999999899
400,75,84.56099999995104,518.7098000000105,11.019099999998616,55.67049999996243
400,76,169.93070000000898,506.7743999999834,8.92679999998336,54.2229000000134
400,77,145.9244000000126,528.9856000000555,4.253299999959381,23.862399999984518
400,78,218.8368000000196,823.2520999999906,11.047800000028474,57.056600000009894
400,79,244.01050000000168,520.3781999999819,8.606499999984862,53.27670000002627
400,80,166.3908000000447,473.6303000000248,11.375600000008035,35.7529999999997
400,81,85.48839999997426,515.9864999999968,4.582099999993261,31.465499999967506
400,82,222.18320000001768,746.8885000000114,3.501299999982166,16.085900000007314
400,83,142.29879999999184,475.797,6.5107000000352855,39.8190000000227
400,84,206.16190000004053,726.5487000000235,3.949299999987943,15.88150000003452
400,85,126.79629999996678,826.4451000000008,9.765399999992042,53.38869999997087
400,86,256.5195999999901,810.0603999999976,3.917500000000018,16.198700000018107
400,87,83.37810000000445,377.45859999995446,10.619600000040919,63.29690000001165
400,88,255.99660000000313,732.1201000000315,3.7057000000118023,15.91799999999921
400,89,101.93870000000516,778.450399999997,9.923500000013519,59.432100000037735
400,90,191.05619999999135,561.359600000003,5.815600000005361,34.77179999998725
400,91,152.77869999999893,769.6529000000396,5.105399999990823,23.78830000003518
400,92,202.75089999995544,391.0043999999857,4.189400000029764,25.662500000009913
400,93,166.7426000000205,496.0630000000492,10.5010000000334,60.485499999970216
400,94,237.26299999998446,822.6432000000159,9.59690000001956,56.94250000004786
400,95,152.80790000002753,290.482499999996,7.061899999996513,40.07119999999986
400,96,160.05440000003546,538.5569999999689,3.518799999994826,16.373499999986052
400,97,118.26249999995753,466.08620000000656,3.7045000000262007,16.30300000005036
400,98,82.44419999999764,599.4914999999992,9.383599999978287,54.637300000024425
400,99,207.30909999997493,600.9713999999917,8.609199999966677,53.295099999957074
400,100,236.49620000003324,688.2406999999944,8.630600000003597,53.84050000003526
500,1,305.313300000023,594.7064000000069,4.998399999976755,21.693000000027496
500,2,113.63749999998163,525.175900000022,5.422299999963798,20.063199999981407
500,3,115.41640000001507,562.5451999999882,6.153300000050876,34.04450000004999
500,4,210.38809999998875,669.4552999999814,7.245500000010452,49.57819999998492
500,5,229.31360000001177,736.6492999999537,4.2968000000200846,20.434099999988575
500,6,172.4540000000161,890.1987000000418,5.603999999948428,23.645699999974568
500,7,161.08339999999544,603.915499999971,12.033200000018951,70.20849999997836
500,8,267.68010000000686,642.8752999999574,8.584700000028533,65.35500000001093
500,9,267.8650999999945,683.2598999999959,6.902299999978823,48.493199999995795
500,10,223.36940000002414,571.9192999999905,4.490299999986291,27.413700000010977
500,11,103.74990000002526,836.1163000000147,6.872700000030818,21.757100000002083
500,12,100.43180000002394,424.9945999999909,13.54279999998198,61.10180000001719
500,13,269.2020999999727,732.0978999999852,6.207299999971383,21.28549999997631
500,14,98.34599999999227,665.6993999999941,16.51689999999917,75.4116000000522
500,15,292.02410000004875,886.6836000000262,12.033400000007077,59.432700000002114
500,16,132.93110000000752,890.4713999999672,10.465600000031827,55.46870000000581
500,17,219.9324000000047,569.0256000000318,7.237799999984418,54.08549999998513
500,18,210.84630000001425,847.5489999999581,9.906599999965238,55.582199999946624
500,19,160.61089999999467,517.3078999999916,4.578200000025845,20.346200000005865
500,20,187.95280000000503,816.9700999999918,10.157999999989897,62.899300000026415
500,21,214.44389999999203,605.6628999999703,10.756399999991118,61.25639999999066
500,22,249.71229999999878,743.3217000000241,12.59939999999915,101.1626000000092
500,23,493.01750000000766,890.3892000000155,4.779199999973116,20.247899999958463
500,24,116.22579999999516,520.0234999999793,13.826600000015787,79.26620000000639
500,25,185.4195999999888,528.258199999982,4.919700000016292,20.847100000025875
500,26,118.82190000000037,480.7359000000133,4.618499999992309,20.012800000017705
500,27,119.01600000004464,573.1353999999556,6.762200000025587,30.018800000050305
500,28,107.55419999998139,429.5104000000265,4.749000000003889,24.175800000023173
500,29,185.3100000000154,540.201599999989,4.6543000000269785,19.770999999991545
500,30,101.90610000000788,459.5512999999869,4.6194999999897846,20.48539999998411
500,31,106.40200000000277,412.309099999959,4.588100000034956,19.989000000009582
500,32,103.36120000005167,392.49330000001237,4.6024000000102205,19.989899999984573
500,33,102.42369999997436,381.4992000000075,5.553500000019085,20.219699999984186
500,34,103.76389999998992,406.8161999999802,4.700600000035138,20.215899999982412
500,35,105.34709999996039,403.8755000000265,6.573699999989913,20.42660000000751
500,36,110.39810000005446,363.9340999999945,4.781900000011774,20.329099999969458
500,37,104.7963999999979,366.4124000000015,6.165300000020579,20.069900000009966
500,38,106.88169999997399,361.94160000002285,5.2240999999639826,20.093599999995604
500,39,99.74579999999378,479.0469000000144,9.373999999979787,21.55390000001489
500,40,101.66619999995419,365.95240000002605,4.623899999955938,20.14659999997548
500,41,99.31530000000066,555.2293999999733,8.42070000004469,28.994400000044607
500,42,126.66070000000218,408.915200000024,4.507399999965855,19.768399999975372
500,43,101.46750000001248,559.9654999999757,5.588100000011309,23.145100000022012
500,44,146.5403000000265,555.3438000000028,5.145400000003519,19.91019999996979
500,45,101.12870000000385,382.6516999999967,6.547000000011849,54.026200000009794
500,46,174.10490000003165,544.9882000000343,4.588699999999335,20.517399999960162
500,47,163.94439999999122,416.20960000000196,4.895799999985684,20.221999999989748
500,48,101.08619999999746,442.69710000003215,4.56539999998995,19.683900000018184
500,49,98.58049999996865,676.841799999977,5.308099999979277,22.581500000001142
500,50,97.81800000001795,326.9180000000347,4.59670000003598,26.036900000008245
500,51,105.36280000002307,365.0534999999877,4.518000000018674,19.931199999973614
500,52,98.74189999999317,347.227700000019,10.799899999994977,21.053399999971134
500,53,96.12939999999526,379.02120000001105,4.808699999955479,23.025100000040766
500,54,103.8752000000045,404.08239999999296,7.091899999977613,24.002499999994598
500,55,187.96600000001717,516.633899999988,4.550300000005336,19.701499999996486
500,56,125.76180000002068,374.6304000000009,4.602000000033968,19.77310000000898
500,57,99.24780000000055,353.8486999999577,4.48430000000144,20.087000000046373
500,58,98.85109999999031,375.1027999999792,4.451000000017302,19.970600000021932
500,59,99.28170000000591,367.0913999999925,4.551499999990938,20.29970000000958
500,60,98.8871000000131,356.87189999998736,4.5650999999793385,19.997499999988122
500,61,120.05019999998012,468.8077999999791,6.724999999960346,37.105899999971825
500,62,142.93809999998075,371.0886000000073,4.455600000028426,19.836299999951734
500,63,109.04620000002296,361.935399999993,4.754800000000614,21.491300000036517
500,64,109.85620000002427,360.97039999998515,4.536400000006324,19.86370000003035
500,65,99.48669999999993,355.85439999999835,4.621699999972861,19.987099999980273
500,66,99.24639999996998,363.0067000000281,4.541599999981827,19.922099999973852
500,67,99.43679999997812,361.3653999999542,4.59539999997105,19.967699999995148
500,68,98.98789999999735,359.2891999999779,4.548600000020997,19.92480000001251
500,69,99.5333000000187,358.1173000000035,4.509299999995164,19.93830000003527
500,70,99.00149999998575,462.1485999999777,4.492199999958757,19.78150000002188
500,71,98.28529999998636,352.32220000000325,4.188300000009804,19.86859999999524
500,72,97.60060000002113,462.4034999999935,4.555600000003324,23.921900000004825
500,73,119.9439999999754,336.4027000000078,4.412000000002081,19.72200000000157
500,74,126.34090000000242,327.049699999975,4.414400000030128,19.800599999996393
500,75,129.3675999999664,359.3405999999959,4.368999999996959,19.952999999986787
500,76,102.59669999999232,781.8197999999938,4.714999999976044,21.18689999997514
500,77,100.98419999997077,352.45890000004465,4.544300000020485,19.976000000042404
500,78,128.62790000002633,347.5631000000021,4.381500000022243,19.71129999998311
500,79,101.75420000001623,380.05449999997154,4.36429999996335,19.591900000023088
500,80,102.91160000002719,359.5966000000317,4.416900000023816,19.716700000003584
500,81,101.9679000000906,381.4403000000084,4.340799999908995,19.60529999996652
500,82,103.24929999990218,360.43710000001283,4.366199999935816,19.724200000041492
500,83,103.91659999993408,352.8641999999991,4.45959999990464,19.692999999961103
500,84,103.08080000004338,335.52750000001197,4.326300000002448,19.690500000024258
500,85,102.31679999992593,402.4974999999813,5.347799999981362,28.971600000090802
500,86,137.50800000002528,538.6273999999958,4.412600000023303,19.693099999926744
500,87,96.29510000002028,376.64429999995264,4.332500000032269,19.917500000019572
500,88,99.7728999999481,348.67980000001353,4.315499999961503,20.08180000007087
500,89,98.03569999996853,348.40600000006816,4.341500000009546,20.11970000000929
500,90,99.04660000006515,376.7268999999942,6.1650999999756095,35.47179999998207
500,91,131.84950000004392,327.86640000006173,4.377999999974236,19.71570000000611
500,92,126.20830000003025,378.7777999999662,4.298099999914484,19.87259999998514
500,93,98.14360000007127,373.0897000000368,4.3408999999883235,20.463199999994686
500,94,99.35110000003533,348.80629999997836,4.354400000011083,20.300700000007055
500,95,133.33139999997456,444.7569999999814,4.490099999998165,20.060800000010204
500,96,99.32049999997616,355.666000000042,4.481899999973393,28.588499999955275
500,97,85.71490000008453,363.5136999999986,4.473200000006727,19.987300000025243
500,98,100.53530000004685,356.5760000000182,4.4478000000935936,19.94019999995089
500,99,98.63699999993969,452.77309999994486,4.585700000006909,20.265499999936765
500,100,104.74580000004607,403.7284000000909,5.112499999995634,19.798100000002705
600,1,164.1704999999547,568.202299999939,5.185400000073059,27.24990000001526
600,2,235.68170000010014,422.64190000003055,5.20249999999578,29.455400000074405
600,3,118.26379999990877,412.94570000002295,6.927000000018779,23.4854999999925
600,4,114.9875000000975,408.5307999999941,5.18130000000383,24.270000000001346
600,5,114.55869999997503,427.6601000000255,6.48630000000594,24.565199999983633
600,6,116.04920000002039,444.9414999999135,5.261300000029223,24.10429999997632
600,7,114.19069999999465,402.1212000000105,7.574700000077428,23.98110000001452
600,8,115.15539999993507,405.41989999996986,5.436899999949674,24.257499999976062
600,9,114.31410000000142,411.4789000000201,5.418099999928927,24.11979999999403
600,10,116.62329999990106,408.39119999998275,7.4392000000216285,24.283999999966
600,11,122.36919999998008,829.3661000000156,5.479400000012902,27.24949999992532
600,12,116.12020000006851,694.783799999982,6.243700000027275,29.207199999973454
600,13,128.54509999999664,439.9079999999458,7.817699999918659,40.211900000031164
600,14,139.4062000000531,827.7168000000756,16.929000000004635,100.89680000010048
600,15,211.5208000000166,516.381000000024,5.616099999997459,23.962600000004386
600,16,114.05419999994137,468.3379000000514,5.521199999975579,24.02570000003834
600,17,114.08740000001671,509.6392000000378,9.834100000034596,58.708000000024185
600,18,228.58140000005278,627.1371999999928,5.191699999954835,24.896100000091792
600,19,219.5920000000342,676.404600000069,5.568100000004961,23.908499999947708
600,20,116.7517000000089,910.3198000000248,16.114700000002813,77.04379999995581
600,21,147.42889999990894,974.7618000000102,13.453800000092997,71.5064999999413
600,22,125.50439999995433,1009.335999999962,13.99750000007316,76.45800000000236
600,23,172.098500000061,930.4478000000245,20.325800000023264,76.87409999994088
600,24,166.34779999992588,716.170600000055,23.89020000009623,81.44509999999627
600,25,282.91459999991275,1049.9726000000464,9.469800000033501,55.44499999996333
600,26,269.9994000000743,713.3312999999362,9.787699999947108,61.74250000003667
600,27,269.76860000002034,710.464600000023,5.7136000000355125,37.02510000005077
600,28,249.42109999994955,838.6094999999614,12.772799999993367,73.61729999990985
600,29,289.4773000000441,784.234500000025,9.216999999921427,66.83989999999085
600,30,244.03699999993478,1067.0896999999968,9.159100000033504,56.02920000001177
600,31,281.75869999995484,852.0905999999968,7.155000000011569,25.27390000000196
600,32,194.82189999996535,904.6026999999413,21.87960000003386,87.8751000000193
600,33,290.3113999999505,880.0962999999911,12.432300000000396,76.75080000001344
600,34,284.8047999999608,812.1989999999641,10.976000000027852,52.61130000008052
600,35,261.0326000000214,668.4121999999206,8.11620000001767,24.834499999997206
600,36,112.41959999995288,931.0920000000351,9.425499999906606,27.876699999978882
600,37,131.8569000000025,984.9634999999353,17.154799999957504,59.10999999991873
600,38,137.56519999992634,704.8032000000148,7.83919999992122,27.731000000017048
600,39,139.6462000000156,954.524699999979,6.272500000022774,24.388600000065708
600,40,117.7796000000626,913.2471000000351,5.881499999986772,23.900300000036623
600,41,133.5550000000012,835.8183000000281,5.916699999943376,31.197500000075706
600,42,101.74470000004021,732.2156999999834,13.58170000003156,82.2505999999521
600,43,183.21460000004208,1196.9795999999633,7.112300000017058,41.00710000000163
600,44,287.3692000000574,1101.4130999999452,18.51529999999002,89.29439999997157
600,45,264.64629999998124,706.8881000000147,6.144199999994271,24.538800000073024
600,46,121.3933999999881,724.264000000062,17.045700000039687,87.00120000003153
600,47,258.0725999999913,950.3740000000107,11.860500000011598,69.53229999999166
600,48,283.6469000000079,625.4125000000386,5.493399999977555,32.43230000009589
600,49,124.40759999992679,863.1374999999935,5.550900000002912,26.081099999942126
600,50,116.65639999989708,603.2665999999836,13.56270000007953,75.42239999997946
600,51,149.18269999998302,915.3027999999495,13.26090000009117,79.15140000000065
600,52,151.73230000004878,824.8445000000402,14.44420000007085,87.11909999999534
600,53,279.4867999999724,996.0709999999153,6.147700000042278,24.97629999993478
600,54,150.5654999999706,830.84939999992,13.827699999978904,85.76449999998204
600,55,277.5502999999162,915.3991000000588,20.770800000036616,80.28519999993478
600,56,278.656299999966,711.1507999999276,16.893799999934345,62.59629999999561
600,57,133.44870000003084,644.0446000000293,6.902200000013181,27.697999999986678
600,58,114.3329999999878,717.121700000007,12.26659999997537,95.1902000000473
600,59,266.8360999999777,953.2963000000336,7.43560000000798,37.71180000001095
600,60,115.62639999999647,649.7266000000081,9.48300000004565,34.642400000052476
600,61,120.3890000000456,913.5886999999911,15.618399999993926,74.36549999999897
600,62,259.4608000000562,826.3453000000709,11.359800000036557,47.99350000007507
600,63,132.11699999999382,747.2708999999895,6.941699999970297,29.15059999997993
600,64,126.57920000003742,920.0182000000723,12.30550000002495,75.28689999992366
600,65,283.8602000000492,1041.2293000000545,11.470499999973072,70.48829999996542
600,66,127.32760000005783,695.6785999999511,13.34010000005037,84.93690000000242
600,67,191.79619999999886,706.9888999999421,8.990700000026663,52.7894000000515
600,68,135.71009999998296,627.9411000000437,11.694799999986571,44.549699999947734
600,69,105.21849999997812,445.8602999999357,5.371900000000096,26.386699999989105
600,70,107.41070000005948,880.737100000033,7.662199999913355,51.49749999998221
600,71,295.74430000002394,730.4587999999512,13.017300000001342,79.66529999998784
600,72,284.1222999999218,841.0483999999769,7.912300000043615,62.63899999999012
600,73,297.0205999999962,1104.6555000000353,5.875999999943815,42.40500000003067
600,74,279.71610000008695,873.4196999999995,5.025799999998526,26.178500000014537
600,75,179.44389999991017,884.6710999999914,13.94510000000082,82.17950000005203
600,76,230.61600000005456,1186.268200000086,13.60510000006343,86.19319999991149
600,77,257.7989000000116,780.0154999999904,9.144999999989523,53.32869999995182
600,78,195.94569999992473,499.67389999994793,5.186200000025565,27.960099999972954
600,79,110.33989999998539,993.650300000013,7.4904000000515225,27.979899999991176
600,80,149.41570000007687,1176.289499999939,21.823899999958485,83.74549999996361
600,81,183.11189999997168,1165.8175999999685,14.789100000029975,75.97169999996822
600,82,278.51700000007895,863.5196000000178,12.772799999993367,78.31369999996696
600,83,185.105300000032,1008.9649000000236,15.692300000068826,41.8313999999782
600,84,235.81549999994422,1193.6224999999467,16.192600000067614,63.13220000004094
600,85,116.3225999999895,596.7828999999938,10.400699999991048,52.65440000005128
600,86,203.22750000002543,905.1056000000699,16.05240000003505,83.62869999996292
600,87,213.23389999997744,1060.03510000005,12.19909999997526,78.64989999995942
600,88,180.9286999999813,939.8467999999411,14.233900000022004,75.37950000005367
600,89,203.84899999999107,742.0463999999356,13.544899999942572,79.18849999998656
600,90,265.4036000000133,1261.437399999977,14.019800000028226,96.163899999965
600,91,267.1751000000313,1156.336699999997,17.48510000004444,86.90579999995407
600,92,288.14839999995456,1046.1023999999952,18.857599999932972,88.5064000000284
600,93,290.55990000006204,961.4984000000959,12.277600000061284,53.88080000000173
600,94,131.21139999998377,1001.5978999999788,17.137999999931708,81.22570000000451
600,95,274.7224999999389,996.6418000000203,18.966999999975087,89.7675999999592
600,96,212.3446000000513,798.6319999999978,5.267499999945358,24.526699999910306
600,97,115.91750000002321,661.8892999999844,5.376100000034967,31.131400000049325
600,98,230.0635000000284,921.7161999999917,8.350899999982175,73.97090000006301
600,99,257.2721999999885,780.373700000041,8.640600000035192,59.303399999976136
600,100,280.5981999999858,1108.1057999999757,11.438500000053864,54.00059999999485
700,1,316.68899999999667,797.2759000000451,23.29659999998057,94.38160000001972
700,2,253.78839999996217,1165.2007999999796,17.45979999998326,64.50920000008864
700,3,324.1653000000042,1266.8149000000994,16.737400000010894,97.12990000002719
700,4,212.61630000003606,788.4977999999592,6.158099999993283,32.25460000010116
700,5,160.87640000000647,1098.5688000000664,16.71360000000277,31.626900000105707
700,6,151.23619999997118,878.1071000000793,7.750999999984742,35.637700000052064
700,7,141.30150000005415,1176.5204999999241,20.471699999916382,93.85280000003604
700,8,346.3318999999956,1009.6674000000121,13.511200000039025,57.10360000000492
700,9,263.4900000000471,718.1104000000005,7.092599999964477,29.67630000000554
700,10,206.06769999994867,740.8829999999398,10.88029999993978,55.39299999998093
700,11,278.1523000001016,955.8338000000504,15.288199999986318,85.4193000000123
700,12,265.66270000000713,820.3129999999419,6.380400000011832,28.894300000047224
700,13,142.09620000008272,970.8393000000797,7.121400000073663,29.256400000008398
700,14,166.89400000007026,841.6744000001017,16.192300000057003,94.22919999997248
700,15,318.77190000000155,659.5767000000023,9.353300000043419,51.581800000008116
700,16,265.4519000000164,880.0242000000935,12.655400000085137,78.82529999994858
700,17,248.22679999999764,1006.9060000000718,10.189700000069024,36.24089999993885
700,18,142.29790000001685,881.297199999949,14.189700000088123,42.13640000000396
700,19,329.6616999999742,1000.6124000000227,14.959100000055514,90.56730000008884
700,20,338.00910000002204,977.173300000004,30.547300000080213,85.12289999998757
700,21,157.9302000000098,677.1324999999706,6.021799999984978,28.291100000046754
700,22,131.27339999994092,874.1559999999708,10.134200000038618,29.44969999998648
700,23,131.02159999994,652.5609999999915,17.194200000062665,71.38829999996688
700,24,328.76999999996315,1029.669799999965,7.760899999993853,39.3879000000652
700,25,258.5086000000274,1036.7034000000785,14.925700000048892,92.80119999993985
700,26,347.29379999998855,1017.2896999999921,15.187300000093273,91.30860000004759
700,27,189.3144000000575,720.0153999999657,6.482199999936711,28.75359999995908
700,28,134.0644000000566,813.0836999999929,8.700399999952424,49.489999999991596
700,29,178.35179999997308,914.3492000000606,15.310099999965132,91.06320000000778
700,30,183.6435000000165,797.9751999999962,19.15859999996883,93.10719999996309
700,31,167.5654000000577,854.2856000000256,18.452099999990423,90.23680000007062
700,32,157.87960000000112,577.6140000000396,6.771900000103415,40.203799999972034
700,33,188.5095000000092,769.2131000000018,8.543300000042109,38.80079999998998
700,34,241.90089999990505,890.48200000002,13.905500000078064,93.8139999999521
700,35,335.7894999999189,725.9575000000495,6.135100000051352,29.394799999977295
700,36,131.36410000004162,720.3759000000218,6.236800000010589,29.17569999999614
700,37,243.4157000000141,998.9130999999816,19.8261000000457,71.82880000004843
700,38,162.46509999996306,845.1351999999588,15.339899999958106,27.2036000000071
700,39,214.82910000008815,789.8520999999619,16.13940000004277,65.58849999998984
700,40,139.79860000006283,1197.251299999948,20.00950000001467,87.34820000006494
700,41,323.79809999997633,893.738800000051,21.965399999999136,89.27280000000337
700,42,340.33720000002177,822.1045999999887,12.243000000012216,37.46980000005351
700,43,144.93270000002667,723.4955999999784,8.057399999984227,42.30310000002646
700,44,219.40080000001672,618.3557000000519,8.164399999941452,38.9061999999285
700,45,135.8421999999564,928.9416999999958,7.2841999999582185,28.870600000004742
700,46,144.1681000000017,886.29990000004,16.57769999997072,84.48029999999562
700,47,294.34390000005806,1097.853099999952,13.993799999980183,82.07570000001851
700,48,299.6809999999641,723.3684999999923,6.869999999935317,35.377000000039516
700,49,208.07119999994939,1101.623699999891,21.01500000003398,96.95199999998749
700,50,205.02010000006976,895.4368000000841,19.04910000007476,83.72929999995904
700,51,195.6344000000172,966.6935000000194,20.081499999946573,95.40760000004411
700,52,303.60880000000634,908.3002999999508,20.256700000004457,86.54100000001108
700,53,207.47430000005807,756.6907000000356,21.04470000006131,87.50020000002223
700,54,231.4546000000064,1119.6188999999777,13.331699999980628,91.35939999998755
700,55,289.49099999999817,959.76799999994,8.585900000070978,35.63850000000457
700,56,251.29800000001978,882.3654999999917,9.0787999999975,29.608699999926102
700,57,215.38750000001983,661.1070999999811,9.854600000039682,28.58800000001338
700,58,187.4480000000176,627.7569000000085,11.11670000000231,87.98819999992702
700,59,214.70299999998588,1211.1366000000316,9.55820000001495,31.380900000044676
700,60,271.1968999999499,688.9137000000574,9.128500000088025,40.593300000068666
700,61,270.1447999999118,880.4547000000866,9.670300000038878,51.1564000000817
700,62,200.54939999999988,849.1857000000209,19.20540000003257,80.78820000002906
700,63,221.809599999915,1025.9310999999798,10.4202999999643,68.26600000010785
700,64,303.0215999999655,881.9667999999865,18.91000000000531,85.8111000000008
700,65,186.55929999999898,516.1338999999998,7.3320999999850756,29.743900000084977
700,66,276.027499999941,719.3597000000409,14.797799999996641,49.88760000003367
700,67,134.48769999990873,520.1504999999997,11.764800000037212,40.43669999998656
700,68,180.56490000003578,1062.0268000000124,18.215400000030968,77.92010000002847
700,69,298.3260999999402,814.7112000000334,7.965399999989131,29.432600000063758
700,70,198.1129000000692,1229.6754999999848,18.43220000000656,59.248799999977564
700,71,254.91059999990284,1043.2514999999967,23.900500000081593,86.29639999992378
700,72,177.05979999993815,1014.5191000000295,21.030899999914254,49.27229999998417
700,73,166.6602000000239,959.0838000000304,15.04130000000714,91.84640000000854
700,74,339.5702999999912,1228.924300000017,20.87019999999029,96.26170000001366
700,75,254.19510000006085,1032.8250000000025,10.043500000051608,38.17990000004556
700,76,123.95709999998417,1049.6074999999792,9.618000000045868,39.553999999952794
700,77,189.7119999999859,1006.7077999999583,18.288200000029065,91.55359999999746
700,78,178.37389999999687,883.9030999999977,13.555599999904189,62.71679999997559
700,79,186.41229999991538,979.655600000001,6.3798000001042965,38.93449999998211
700,80,223.93560000000434,1090.395199999989,14.03339999990294,72.35320000006595
700,81,157.02390000001287,936.9475999999395,13.50060000004305,90.50389999993058
700,82,322.0141000000467,924.0174999999908,14.928299999951378,89.14440000000923
700,83,160.5939999999464,854.40600000004,5.954999999971733,32.83879999992223
700,84,194.08239999995658,983.4165999999414,9.515799999917363,91.57989999994243
700,85,323.36019999991095,544.7932000000719,6.269999999972242,28.882500000008804
700,86,132.0799000000079,959.9365999999918,29.241399999932582,92.51449999999295
700,87,353.26610000004166,1192.542999999887,11.542800000029274,32.38720000001649
700,88,191.48010000003524,917.6105000000234,6.214600000021164,28.555099999948652
700,89,135.92719999996916,1304.074299999911,8.822000000009211,30.60210000001007
700,90,131.52449999995497,1076.6762000000654,16.192600000067614,97.06800000003568
700,91,251.95720000010624,767.374000000018,6.001800000035473,31.054600000061328
700,92,144.5070999999416,736.3529000000426,14.58100000002105,88.71959999999035
700,93,164.62270000010903,1091.3562999999158,14.279399999963971,89.3528999999944
700,94,141.06229999993047,639.0701000000263,6.104199999981574,38.60440000005383
700,95,161.08300000007603,935.4945000000043,8.02869999995437,48.606500000005326
700,96,131.04149999992387,789.7255000000314,7.7521999999135005,58.31159999991087
700,97,227.91810000001078,729.9659000000247,7.41019999998116,48.43479999999545
700,98,252.72590000008677,833.4211999999752,20.247100000005958,91.13680000007207
700,99,211.25500000005104,682.1619000000965,13.70910000002823,72.82439999994494
700,100,308.5587000000487,1048.5867999999527,13.188700000000608,66.69420000002901
800,1,230.01799999997274,867.1153999999888,20.479899999941154,60.975600000006125
800,2,339.7582999999713,1306.504000000018,24.234800000044743,101.46799999995437
800,3,192.37119999991137,1101.9582000000128,10.752099999990605,34.13890000001629
800,4,273.4946000000491,932.943000000023,15.496399999960886,59.28259999996044
800,5,184.01059999996505,922.7472000000034,18.966800000043804,43.18640000008145
800,6,196.7248999999356,1177.9373000000533,9.193900000013855,31.75480000004427
800,7,157.02029999999922,708.8714000000209,14.985299999921153,95.93319999999039
800,8,273.02400000007765,921.2138999999979,14.764799999966272,78.14750000000004
800,9,203.8694000000305,671.3973000000806,12.675800000010895,96.2294999999358
800,10,158.1880999999612,1044.3586000000096,8.815500000082466,34.5674999999801
800,11,275.6937999999991,1162.3630999999932,10.181100000068,38.95969999996396
800,12,220.613999999955,1082.3435999999447,12.403999999946791,50.479699999982586
800,13,248.7085999999863,1115.4788000000053,8.027599999991253,34.0836999999965
800,14,149.90739999996094,1030.0282000000607,14.212199999974473,110.96870000005765
800,15,257.60889999992287,1153.4762,28.480599999966216,85.52420000000893
800,16,179.1049999999359,961.8557999999666,17.10949999994682,106.2230999999656
800,17,154.04739999996764,889.449999999897,12.1583999999757,49.656200000072204
800,18,155.3060999999616,747.2764000000325,17.586299999948096,86.4237000000685
800,19,183.59350000002905,1324.1567999999688,22.014099999978498,93.65090000005694
800,20,173.86409999994612,1047.3954999999933,8.974699999953373,48.80600000001323
800,21,304.357800000048,1218.042999999966,9.305700000027173,51.200699999981225
800,22,318.95090000000437,1267.932700000074,21.704500000055305,117.45519999999487
800,23,265.523700000017,1095.112800000038,7.0252000000436965,32.83320000002732
800,24,158.00639999997657,878.0573000000231,10.218000000008942,48.7934000000223
800,25,368.97350000003826,1093.704300000013,21.085299999981544,141.78129999993416
800,26,302.765900000054,988.1931999999551,25.101700000050187,47.30649999999059
800,27,176.77049999997507,1016.3384999999607,8.959800000070572,36.34569999996984
800,28,160.339600000043,1013.6062000000265,8.3922999999686,50.38760000002185
800,29,187.58969999998953,850.7833999999548,7.25939999995262,47.18869999999242
800,30,144.66809999998986,966.6086999999379,26.235599999949955,100.68850000004659
800,31,358.11260000002676,774.9743999999055,11.830899999949906,43.780599999990955
800,32,201.9811000000118,986.3989000000402,23.824499999932414,101.93749999996271
800,33,219.66580000002978,767.6163999999517,16.30760000000464,97.18190000000959
800,34,324.4258000000855,1002.742000000012,18.396299999949406,80.86989999992511
800,35,221.18779999993876,1053.8890000000265,10.5925999999954,34.0069000000085
800,36,171.3367999999491,654.7626000000264,20.177399999965928,90.21529999995437
800,37,202.76569999998628,860.0712000001067,8.97259999999278,31.84129999999641
800,38,176.1916000000383,1215.4602000000523,12.770699999919088,34.48460000004161
800,39,153.49109999999655,977.5670999999875,19.99069999999392,91.1614000000327
800,40,249.39889999996012,1031.7654000000402,8.815400000003137,45.37759999993796
800,41,167.97389999999268,937.9661000000397,8.878200000026482,57.54609999996774
800,42,223.28909999998814,1086.3584999999603,26.40329999996993,102.83989999993537
800,43,326.1991000000535,881.9387999999435,23.76680000008946,109.31439999990289
800,44,343.4521000000359,885.4292999999416,8.461099999976796,44.01959999995597
800,45,296.32570000001124,816.7531000000281,30.394499999943037,100.31579999997575
800,46,358.8783999999805,824.6245000000272,11.682999999948152,41.698399999972935
800,47,155.599000000052,831.0055000000602,14.380599999981314,46.20380000005753
800,48,230.80419999996593,982.7668000000358,8.836900000005699,45.59859999994842
800,49,207.2976000000608,829.2268000000149,9.426500000017768,51.10310000009122
800,50,170.6679000000122,1012.5206000000162,19.148800000039046,100.25659999996606
800,51,186.9441999999708,716.0982000000331,7.454899999970621,34.78570000004311
800,52,150.82589999997253,888.8388999999961,18.853300000046147,109.45879999997032
800,53,204.60290000005443,631.6097000000127,7.727599999952872,37.004599999932
800,54,237.26569999996627,1113.2169999999633,17.196600000033868,104.98339999992368
800,55,244.672899999955,876.012199999991,12.181300000065676,94.41390000006322
800,56,315.4078999999683,1055.1130000000057,13.656800000035219,61.029899999994086
800,57,240.63220000005003,1034.5776999999998,17.50970000000507,96.65580000000773
800,58,180.08999999995012,1024.8785999999654,11.838499999953456,72.34189999996943
800,59,325.9416999999303,617.3436999999922,10.21760000003269,58.426999999937834
800,60,360.93189999996866,784.9726000000601,15.396899999927882,50.748099999964325
800,61,196.67790000005425,1018.4921000000031,10.2043000000549,47.239300000001094
800,62,153.1249999999318,957.0305999999391,7.174899999995432,38.01220000002559
800,63,207.9255999999532,743.7512999999853,7.114799999953902,41.365799999994124
800,64,153.96979999991345,1055.330300000037,14.891900000066016,54.81200000008357
800,65,176.4379999999619,818.114899999955,8.956399999988207,48.354799999970055
800,66,167.36349999996492,746.7248000000382,7.0607999999765525,39.7434000000203
800,67,198.41789999998127,797.3983999999064,19.425099999921258,110.76890000003914
800,68,190.13140000004114,938.0675999999539,33.252100000026985,113.99439999991046
800,69,266.86319999998886,690.1586000000179,27.479299999981777,98.2106000000158
800,70,185.52770000007968,834.4834999999193,10.926299999937328,31.41100000004826
800,71,182.36269999999877,681.4458999999715,11.32329999995818,49.83839999999873
800,72,190.6170000000884,782.0850000000519,13.978599999973085,91.37910000004013
800,73,244.0258999999969,880.9354999999641,10.366400000066278,38.616399999909845
800,74,170.01540000001114,1148.09850000006,18.56329999998252,119.07229999997071
800,75,240.2157999999872,990.4424999999719,10.833500000103413,39.49970000007852
800,76,173.61819999996442,867.4990999999181,13.015199999927063,36.90700000004199
800,77,181.78710000006504,1132.9712000000427,18.010099999969498,113.90800000003765
800,78,216.08709999998155,1141.8486999999686,24.76790000002893,120.09269999998651
800,79,256.88049999996565,963.8410999999678,9.149200000024393,35.943200000019715
800,80,166.67680000000473,886.2295000000131,8.606400000076064,32.81589999994594
800,81,237.8332999999202,1014.9344000000156,18.72200000002522,121.19170000005397
800,82,214.54799999992247,977.8896000000259,11.373300000059317,96.60330000008344
800,83,364.17420000009315,1255.6679000000486,11.63090000000011,71.65840000004664
800,84,299.0336999999954,1123.3005999999932,10.786800000005314,96.83719999998175
800,85,367.456299999958,1173.9013000000114,11.08040000008259,58.825899999987996
800,86,324.6113999999807,1121.3974999999436,7.203699999990931,33.545299999900635
800,87,148.46979999992982,969.7946999999658,9.948799999961011,58.643799999913426
800,88,254.76129999992736,1039.6080000000438,28.47430000008444,46.0781000000452
800,89,175.02649999994446,777.9392999999573,10.191999999960899,32.960300000013376
800,90,150.15519999997196,948.5230999999885,26.5866999999389,105.49639999999272
800,91,369.4275999999945,1037.9707000000735,16.455599999972037,99.26810000001751
800,92,183.05350000002818,882.7379000000519,28.601699999967423,117.23910000000615
800,93,357.51410000000305,1211.351200000081,16.39639999996234,108.41690000006565
800,94,400.92619999995804,906.6837999999962,11.09540000004472,32.82549999994444
800,95,161.81269999992764,1255.3833000000623,15.882700000020122,72.41859999999178
800,96,167.87890000000516,712.0887000000948,17.630499999995664,105.89279999999235
800,97,209.9191999999448,1150.339899999949,24.652400000036323,74.51890000004369
800,98,336.15950000000794,1152.9778000000306,24.784199999999146,114.5748999999796
800,99,378.48299999996016,1198.7248000000363,27.89909999989959,99.6860000000197
800,100,182.90329999990718,730.8052000000771,29.378999999948974,107.84569999998439
900,1,417.9518000000826,793.623499999967,7.888800000046103,43.55689999999868
900,2,380.0205999999662,1107.5113000000556,14.118900000084977,37.98159999996642
900,3,314.22859999997854,1034.318100000064,17.882299999996576,111.98070000000371
900,4,213.48920000002636,1428.3202000000301,36.67649999999867,59.009199999991324
900,5,280.0386999999773,1080.1616999999624,17.788100000075246,63.37610000002769
900,6,221.8232000000171,1500.2496999999266,18.91330000000835,123.43339999995351
900,7,215.31349999997929,1225.3670000000056,10.44529999990118,37.80099999994491
900,8,174.89840000007462,861.2160000000131,11.289199999964694,64.1901000000189
900,9,251.5037000000575,1085.8596999999008,16.56049999996867,58.234299999980976
900,10,177.50349999994341,1148.1959000000188,14.397000000030857,95.11380000003555
900,11,263.92139999995834,1143.5618000000431,32.053099999984624,89.54210000001694
900,12,376.40650000003006,1116.0558000000265,19.712700000013683,62.3164999999517
900,13,249.07900000005156,874.1823999999951,27.55610000008346,81.43570000004274
900,14,229.98340000003736,1084.6953000000212,24.432499999988977,110.84260000006907
900,15,375.4182000000128,721.2339000000156,22.40129999995588,90.47390000000632
900,16,221.90219999993133,1145.3872000000729,12.30030000010629,119.21189999998205
900,17,384.25039999992805,1160.282299999949,24.438400000008187,38.47250000001168
900,18,228.12090000002172,1186.2323000000288,11.643199999980425,49.482400000101734
900,19,148.88310000003457,1201.9262000000026,18.729100000086873,47.759499999983746
900,20,206.96269999996275,1409.128399999986,23.06050000004234,118.22850000010021
900,21,321.9547999999577,1094.6996999999783,13.399499999991349,77.73550000001705
900,22,227.40160000000742,1118.7350000000151,11.597700000038458,40.56629999990946
900,23,221.73220000001947,1048.2267999999522,19.36389999991661,77.74330000006557
900,24,345.52580000001853,1375.0707000000375,17.264100000033977,99.3621999999732
900,25,361.0316999998986,1435.3030999999419,17.891999999960717,117.34249999994972
900,26,375.4644999999073,1518.1781999999657,17.94119999999566,70.26229999996758
900,27,305.53119999990486,928.999699999963,17.0308000000432,94.74769999997079
900,28,205.28860000001714,1220.6135000000131,20.722399999954177,106.9784000000027
900,29,206.47439999993367,962.8993999999693,17.96620000004623,106.88890000005813
900,30,285.8953999999585,1082.1796000000177,8.026800000038747,35.315100000048005
900,31,195.1305999999704,1358.0650000000105,14.660800000001473,44.91629999995439
900,32,195.1189000000113,1143.1704999999965,19.53050000008716,119.47669999995014
900,33,258.1661000000395,1030.3198000000293,8.04860000005192,35.64579999999751
900,34,199.39320000003136,1015.1481999999987,31.401200000004792,117.51549999996769
900,35,184.48909999995067,1365.5725999999504,35.54729999996198,57.54139999999097
900,36,390.028099999995,1273.7428000000364,10.932099999990896,54.7338999999738
900,37,338.025000000016,1270.6527000000278,34.35940000008486,119.89010000002054
900,38,273.79709999991064,655.4939000000104,8.62819999997555,47.665300000062416
900,39,306.5390000000434,1076.3171999999486,13.36879999996654,49.16450000007444
900,40,249.98360000006414,929.1793000001007,24.24780000001192,120.60239999993883
900,41,313.12900000000354,939.2620999999508,9.619499999985237,70.89650000000347
900,42,393.6092000000144,1128.2588999999916,16.974299999901632,88.65619999994578
900,43,352.9599999999391,1047.8458000000046,11.973699999998644,38.66799999991599
900,44,267.0485999999528,1436.8701000000783,29.367800000045463,114.1266000000769
900,45,367.6942000000736,1294.012799999905,17.756699999949888,65.8359000000246
900,46,207.48779999996714,809.2943000000332,8.727799999974195,37.57780000000821
900,47,166.45619999997052,1242.9591000000073,30.935300000010102,120.63020000005054
900,48,273.81800000000567,1408.648200000016,20.191899999986163,53.272599999900194
900,49,185.62380000003031,963.3364000000029,13.149300000009134,58.00859999999375
900,50,318.4615999999778,1067.5456000000167,23.939700000028097,112.16480000007323
900,51,389.6819000000278,1325.2187000000504,23.58440000000428,111.51170000005095
900,52,294.4721999999729,1297.7889000000005,25.23339999993368,129.96340000006512
900,53,367.68879999999626,1184.9155999999539,7.871899999940979,40.52290000004177
900,54,190.0661999999329,1457.0136999999477,11.75630000000183,56.18689999994331
900,55,278.29289999999673,1626.1877999999115,24.71370000000661,129.83759999997346
900,56,387.6229999999623,1197.3024000000123,8.853900000076464,52.29029999998147
900,57,348.24749999995674,1082.749100000001,9.342500000002474,40.27789999997822
900,58,323.60449999998764,1283.0354999999827,10.727299999985007,43.65819999998166
900,59,188.97120000008272,877.6087999999618,9.74020000001019,51.94280000000617
900,60,275.5891999998994,1239.8079000000735,11.835399999995388,57.79789999996865
900,61,278.9959000000408,1188.7040000000297,8.32120000006853,50.908899999967616
900,62,294.921899999963,1339.3116999999393,11.305200000037985,63.59390000000076
900,63,253.03229999997257,1446.3590000000295,24.272899999914443,124.76430000003802
900,64,418.13139999999294,1174.643700000047,8.162900000002082,36.38449999994009
900,65,212.61779999997543,1230.5059000000256,22.38969999996243,118.45319999997628
900,66,319.385699999998,1388.6234999999942,11.179599999991296,84.11660000001575
900,67,316.4127999999664,814.190999999937,20.075000000019827,124.8572999999169
900,68,406.46719999995184,1504.4891000000007,10.534899999925074,67.4232999999731
900,69,286.5673000000015,1344.7075000000268,23.21730000005573,126.53360000001612
900,70,410.95899999993435,1099.4786999999633,19.493899999929454,119.71089999997275
900,71,215.80610000000888,1297.0433000000412,8.090899999956491,35.41819999998097
900,72,198.93899999999576,1443.7460999999985,8.340599999996812,36.9989999999234
900,73,193.4333000000379,959.2932000000474,10.082800000077441,50.97030000001723
900,74,291.13889999996445,1238.5428000000047,25.270100000057028,119.57949999998618
900,75,321.24580000004244,1316.9744000000492,19.190699999967364,113.3006000000023
900,76,217.75539999998728,1260.74820000008,27.784300000007534,96.72820000002957
900,77,322.37499999996544,1046.0206000000198,20.995100000050115,127.08240000006299
900,78,414.64080000002923,987.3621000000412,8.32320000006348,58.068100000014056
900,79,242.20090000005712,1188.378499999999,9.454099999970822,52.006699999992634
900,80,308.1101000000217,1543.1555000000117,15.182900000013433,41.79419999991296
900,81,315.5745999999908,1431.7117000000508,30.03760000001421,89.0178999999307
900,82,251.01629999994657,1163.9188999999988,12.384300000007897,55.84890000000087
900,83,332.9360999999835,1089.1726999999491,10.655400000018744,41.814799999997376
900,84,300.8168000000069,1259.0883000000304,8.702699999957986,37.95079999997597
900,85,169.37629999995352,1005.9640000000627,16.542599999979757,75.7107999999107
900,86,168.20380000001478,1337.6323999999613,12.501700000029814,52.37560000000485
900,87,162.31970000001184,912.2687000000269,11.252700000000004,106.27770000007786
900,88,259.6250000000282,1170.222600000102,16.539899999997942,123.10439999998835
900,89,239.27209999999377,1038.0793999999014,29.733299999975316,124.38239999994494
900,90,314.9523000000727,1106.1770000000024,8.827300000007199,56.175199999984216
900,91,203.07100000002265,765.5453999999509,7.973499999934575,38.44010000000253
900,92,317.84879999997884,1272.4627000000055,14.897499999960928,100.40509999998903
900,93,432.9404000000068,1220.4928999999538,12.09500000004482,56.654900000012276
900,94,200.4528999999593,1210.8641000000944,19.977700000026744,96.43130000006295
900,95,172.50989999990907,1155.7585000000472,12.438100000053964,37.744499999917025
900,96,269.2003999999315,854.9835999999686,11.140899999986686,57.73110000006909
900,97,235.36219999994046,1034.801699999889,10.044999999990978,59.37730000005104
900,98,195.81379999999626,1352.4313999998867,18.48500000005515,78.79780000007486
900,99,206.86320000004343,781.241399999999,18.5074999999415,64.26030000011451
900,100,199.6632000000318,972.5433999999495,10.3695999998763,58.0544000001737
1000,1,358.5610000000088,683.1944000000476,8.753600000090955,42.9349999999431
1000,2,263.22300000015275,1153.1760999998824,9.28580000004331,39.01879999989433
1000,3,211.1677000000327,1379.228699999885,14.7689000000355,85.63540000000103
1000,4,360.9535999999025,1365.3134999999565,32.45240000001104,134.30779999998776
1000,5,226.22919999980695,1344.1536999998789,8.551899999929446,39.305700000113575
1000,6,303.89679999984764,1469.8872000001302,27.475099999946906,142.65580000005684
1000,7,518.2744999999613,1431.4147999998568,20.60740000001715,156.834599999911
1000,8,252.88369999998395,1134.1611000000285,12.225100000023303,76.05469999998604
1000,9,453.5702000000583,1542.6436000000194,26.90959999995357,103.04169999994883
1000,10,192.99520000004122,1104.0667000002031,15.110499999991589,42.25240000005215
1000,11,313.2151000002068,1244.2899999998644,13.304500000003827,53.702400000020134
1000,12,246.63119999991068,1110.0404999999682,8.68850000006205,41.89870000004703
1000,13,224.47299999998904,1695.4060000000482,24.098999999978332,71.50759999990441
1000,14,380.868300000202,1084.7473999999693,32.967399999961344,144.67930000000706
1000,15,362.23880000011377,1511.0626999999113,19.532999999910317,123.84289999999964
1000,16,341.0019000000375,1095.4067000000123,13.65710000004583,72.60489999998754
1000,17,266.67429999997694,1078.228000000081,17.901599999959217,135.21540000010646
1000,18,338.92580000019734,993.751500000144,19.76090000016484,123.71350000012171
1000,19,427.66370000003917,1078.4971999999016,10.169200000063938,38.7218999999277
1000,20,223.4516999999414,1371.7623000000003,20.66899999999805,70.11139999985971
1000,21,432.0798000001105,1585.830900000019,21.389199999930497,61.385299999983545
1000,22,241.1810000000969,1169.199499999877,21.94769999982782,135.013299999855
1000,23,420.3595999999834,1176.1183999999503,18.808899999839923,41.25710000016625
1000,24,233.02899999998772,901.9164999999703,17.35899999994217,55.92649999994137
1000,25,211.07800000004318,1225.701600000093,11.119000000007873,58.27629999998862
1000,26,273.8836999999421,1309.774300000072,16.72510000003058,78.84959999978491
1000,27,435.71330000008857,1341.8693999999505,33.20650000000569,77.37189999988914
1000,28,247.60409999998956,1161.6251000000375,23.537600000054226,127.57510000005823
1000,29,523.8521999999648,1129.1061000001719,38.9969000000292,134.8172999998951
1000,30,299.0245999999388,1177.6042000001326,15.549400000054447,49.189999999953216
1000,31,395.54869999983566,1281.9028000001254,39.08139999998639,134.873799999923
1000,32,387.53410000003896,1089.485699999841,13.284500000054322,108.97840000006909
1000,33,453.371099999913,1591.5939999999864,16.74449999995886,59.326900000087335
1000,34,441.25880000001416,1398.5551999999188,40.68419999998696,138.13870000012685
1000,35,349.3123000000651,1312.2825999998895,39.20430000016495,114.38629999997829
1000,36,445.02570000008745,1279.0317999999843,23.132199999963632,70.6703999999263
1000,37,363.56000000000677,978.5509999999249,10.743299999830924,79.64640000000145
1000,38,436.6182999999637,1119.0300000000661,8.842300000196701,42.20589999999902
1000,39,192.59759999999915,1261.316699999952,41.24860000001718,121.41619999988507
1000,40,407.34040000006644,1379.0074000000914,44.397800000069765,130.04380000006677
1000,41,437.91510000005474,1226.3130999999703,13.06139999996958,44.425999999930355
1000,42,288.650700000062,1324.54359999997,21.59340000002885,73.89049999983399
1000,43,271.67690000010225,1061.988700000029,8.8588000000982,49.95650000000751
1000,44,183.60610000013367,950.9809999999561,16.889699999865115,83.0358000000615
1000,45,312.3293000001013,1370.2845000000252,20.78790000018671,125.09530000011182
1000,46,415.155200000072,1134.0262000001076,19.764899999927366,112.04180000004271
1000,47,215.95739999997932,1282.5301000000309,19.694100000151593,113.12819999989188
1000,48,384.5931999999266,1095.963299999994,18.352499999991778,95.89360000018132
1000,49,328.4135999999762,1176.1269000000993,8.879699999852164,42.42629999998826
1000,50,243.42369999999391,917.1590999999353,15.25139999989733,38.958999999977095
1000,51,247.9427000000669,885.9348000000864,10.604300000068179,95.52129999997305
1000,52,426.83720000013636,1621.7176999998628,59.26279999994222,131.9601000000148
1000,53,224.9815000000126,1133.8124999999764,25.298199999951976,127.12549999992007
1000,54,302.31609999987086,1086.7107999999917,18.192099999851052,62.89920000017446
1000,55,431.937199999993,1017.8676000000451,17.33679999983906,63.07199999992008
1000,56,400.9419000001344,1456.2393000001066,33.43560000007528,114.16450000001532
1000,57,382.8151999998681,1434.256600000026,35.500700000056895,147.47749999992266
1000,58,394.65019999988726,1210.0136000001385,30.16240000010839,134.1568999998799
1000,59,475.68520000004355,1331.095699999878,27.471800000057556,99.6480999999676
1000,60,221.76839999997355,1028.6389000000327,8.634099999881073,44.239700000161974
1000,61,186.80760000006558,689.2299000001003,8.7818999998035,43.24539999993249
1000,62,186.05109999998604,691.5702999999667,9.021000000075219,43.29559999996491
1000,63,185.45820000008462,856.8056999999953,12.093999999933658,73.98719999991954
1000,64,235.13709999997445,1632.9634999999598,22.981999999956315,133.91939999996794
1000,65,276.24809999997524,1144.1938000000391,17.08839999992051,87.54330000010668
1000,66,277.90170000002945,994.7012000000086,23.226700000122946,136.27469999983077
1000,67,441.28109999996923,1556.7035999999916,10.298099999999977,62.78099999985898
1000,68,369.7618999999577,1141.2531999999374,32.700199999908364,131.46909999977652
1000,69,268.44199999982266,1148.0804999998782,15.202799999997296,61.14479999996547
1000,70,366.98890000002393,1266.137899999876,30.437600000141174,100.41900000010173
1000,71,329.8787999999604,1234.9850000000515,16.350099999954182,51.88759999987269
1000,72,253.20110000006935,927.2702999999183,13.644500000054904,46.92199999999502
1000,73,185.39099999998143,1310.138299999835,28.217900000072405,58.14080000004651
1000,74,378.67499999993015,1574.3626999999378,27.10890000003019,129.98289999995905
1000,75,308.4435000000667,1344.252600000118,16.32999999992535,43.23109999995722
1000,76,292.9024000000027,1553.875600000083,22.672699999930046,83.78029999994396
1000,77,210.11690000000272,1259.1641999999865,47.046500000078595,127.59619999997085
1000,78,398.6113999999361,1659.9825000000692,15.687500000012733,57.31279999986327
1000,79,195.31770000003235,1248.288200000161,25.56549999985691,102.6832000000013
1000,80,205.7528000000275,1164.4035000001622,26.302999999870735,125.00930000010158
1000,81,248.34600000008322,1378.775399999995,14.19979999991483,46.12990000009631
1000,82,239.29999999995744,1350.1388000001953,13.103300000011586,72.00560000001133
1000,83,345.3076000000692,1580.0755000000208,19.22429999990527,49.55640000002859
1000,84,243.45070000003943,1485.8506000000489,9.526300000061383,40.05149999989044
1000,85,209.76210000003448,1330.929900000001,39.741800000001604,54.21590000014476
1000,86,189.73549999986972,1239.3349000001308,41.12950000012461,136.09210000004168
1000,87,278.8691999999173,1155.3091999999197,9.88439999991897,67.80000000003383
1000,88,363.55570000000625,1579.5802000000094,10.980700000118304,43.927599999960876
1000,89,247.24399999990965,1022.0007000000351,21.971800000073927,122.69290000017463
1000,90,318.514900000082,1326.8481000000065,8.629400000017995,43.40509999997266
1000,91,250.72079999995367,1276.7337000000225,13.002099999994243,46.38380000005782
1000,92,240.11939999991228,1401.3157000001684,34.82639999992898,133.5434999998597
1000,93,235.3859999998349,1188.9295000000857,11.331400000017311,97.02680000009423
1000,94,346.3381000001391,1088.2051000000956,11.507499999879656,42.172100000016144
1000,95,284.83649999998306,978.1369999998333,20.843500000182758,137.30709999981627
1000,96,313.24689999996735,1440.107399999988,12.86759999993592,44.32929999984481
1000,97,386.7752000001019,1669.2897999998877,25.014600000076825,142.49810000001162
1000,98,407.9796000000897,1214.4134000000122,11.69860000004519,46.67640000002393
1000,99,191.023899999891,1021.8423999999686,30.507400000033158,94.45860000005268
1000,100,211.85449999984485,1250.3582000001643,26.337400000102207,68.54950000001736
